Title,Company,Link
Freelance Full-Stack Developer ‚Äì PHP & JavaScript - Remote Project,SkillValue,https://stackoverflow.com/jobs/372782
Senior JavaScript/TypeScript Node Developer - Remote Full-Time W2,TSP Consulting,https://stackoverflow.com/jobs/311734
Developpeur senior (H/F) Full-stack  Python /  Javascript,Labellevie by Deleev,https://stackoverflow.com/jobs/348361
Senior Full Stack JavaScript Developer - Remote,Upstack,https://stackoverflow.com/jobs/286028
Javascript Full Stack Developer (Remote or On site),iFit,https://stackoverflow.com/jobs/304681
"Senior Software Engineer - .NET Core, JS, Azure",Free Market Music,https://stackoverflow.com/jobs/364254
Full Stack Javascript / C# Engineer,AssureSign,https://stackoverflow.com/jobs/384125
Full Stack JavaScript Developer - Junior (Remote),GitStart,https://stackoverflow.com/jobs/341371
Full Stack Nuxt JS Developer,Nacelle,https://stackoverflow.com/jobs/384138
Senior JavaScript Developer,Cypress.io,https://stackoverflow.com/jobs/307194
Full Stack Gatsby JS Developer,Nacelle,https://stackoverflow.com/jobs/384137
"Join our remote team and enjoy work-life balance (JavaScript, NodeJS, React)",Spidergap,https://stackoverflow.com/jobs/316406
"Front-End Developer (JS, Angular, TypeScript) ‚Äì Freelance & Full Remote Project",SkillValue,https://stackoverflow.com/jobs/371097
Senior Front-end / JS Developer,iubenda,https://stackoverflow.com/jobs/362683
Full Stack Engineer (Javascript),Modus Create,https://stackoverflow.com/jobs/377598
Lead Full Stack Javascript/.NET Developer,GrowFlow,https://stackoverflow.com/jobs/374731
"Sitecore Developer (C#, JavaScript, HTML, CSS)",Mapleton Hill,https://stackoverflow.com/jobs/88591
Front End Engineer (Javascript),Modus Create,https://stackoverflow.com/jobs/377600
Senior Web Architect (.NET / Javascript),Arcanys,https://stackoverflow.com/jobs/243370
"Craftsmanship Focused / Test Loving Full Stack Web Dev - Python, React, SQL",Level 12,https://stackoverflow.com/jobs/207146
Senior Backend Engineer (Ruby on Rails),Files.com,https://stackoverflow.com/jobs/282423
Senior Frontend Engineer (ES8/React/Redux/Saga),Files.com,https://stackoverflow.com/jobs/241031
Lead/Senior Backend Developer - We're motivated to code with a sense of purpose,Kind,https://stackoverflow.com/jobs/268694
Senior Infrastructure / DevOps Engineer,Files.com,https://stackoverflow.com/jobs/250385
"Full-Stack Engineer (Chicago,IL/Champaign,IL/Omaha,NE/Remote)","Mastery Logistics Systems, Inc.",https://stackoverflow.com/jobs/379283
Full-Stack Engineer: Special Projects,Medal.tv,https://stackoverflow.com/jobs/293381
Junior/Mid-Level React Developer (Remote or NYC),Trumid Technologies LLC,https://stackoverflow.com/jobs/387400
"Full-Stack Engineer (Chicago,IL/Champaign,IL/Omaha,NE/Remote)","Mastery Logistics Systems, Inc.",https://stackoverflow.com/jobs/379283
Full-stack engineer (React + Rails),Almanac,https://stackoverflow.com/jobs/371120
Tech Lead FS - NodeJs / React / RN Developer Required for Realtime Application,Rekordio,https://stackoverflow.com/jobs/371868
Software Engineer - Remote,"LIBERA, INC.",https://stackoverflow.com/jobs/366190
Trainer (m/f/d) for Full Stack Web and App Development - Homeoffice,WBS Gruppe,https://stackoverflow.com/jobs/374087
Full Stack Web Developer,"Art & Logic, Inc.",https://stackoverflow.com/jobs/370918
Senior Software Engineer (remote US or office) <progressive ed nonprofit>,Achievement Network,https://stackoverflow.com/jobs/272027
Ruby/React Software Engineer [100% REMOTE],Clevertech,https://stackoverflow.com/jobs/386120
Full-Stack Developer,Charidy,https://stackoverflow.com/jobs/307185
React Engineer | Native or Web | 100% Remote,G2i Inc,https://stackoverflow.com/jobs/229077
Senior Backend Engineer (Node) [100% REMOTE],Clevertech,https://stackoverflow.com/jobs/386128
Sr. Ruby/React Software Engineer [100% REMOTE],Clevertech,https://stackoverflow.com/jobs/386121
Senior Ruby on Rails Developer - Remote,Toptal,https://stackoverflow.com/jobs/205157
Software Engineer Java Full Stack Must live in Eastern or Central Time Zone USA,"Cardinal Financial Company, LP",https://stackoverflow.com/jobs/350467
Senior Product Engineer: Front end,x.ai,https://stackoverflow.com/jobs/314721
Junior/Mid level Web Applications Developer-FT-030420,Chainbridge Technologies,https://stackoverflow.com/jobs/371397
Java/Kotlin/Android/Peer to Peer for UltraUpload.io (Darknet to Clearnet),TC Unterhaltungselektronik AG,https://stackoverflow.com/jobs/281263
"Software Engineer, Language & Translation","Wikimedia Foundation, Inc.",https://stackoverflow.com/jobs/386505
Full Stack Developer I,Entando,https://stackoverflow.com/jobs/301565
Senior React Engineer - 100% Remote - North / South America & Europe,Theorem,https://stackoverflow.com/jobs/146458
Frontend Engineer (react) - Remote or Santa Monica - Community.com,Source Coders Inc,https://stackoverflow.com/jobs/386836
Front-End Software Engineer - Global Health Data Platform,DHIS2,https://stackoverflow.com/jobs/147424
"Senior Full Stack Engineer (multiple openings) - Remote, USA ONLY",SocialChorus,https://stackoverflow.com/jobs/371379
Senior Java & Web developer (remote),Spider Strategies,https://stackoverflow.com/jobs/346147
PHP Developer (f/m/d) Remote/Homeoffice - WordPress Projects at Enterprise Level,Inpsyde GmbH,https://stackoverflow.com/jobs/229477
Software Development Engineer in Test,SDVI,https://stackoverflow.com/jobs/219487
Senior React Native Developer (Remote),X-Team,https://stackoverflow.com/jobs/200538
Senior Node.js Developer (Remote),X-Team,https://stackoverflow.com/jobs/197763
Project Manager (software implementation),"Jack Henry & Associates, Inc.¬Æ",https://stackoverflow.com/jobs/381390
Remote Shopify Developer,Bluebolt,https://stackoverflow.com/jobs/111292
Full Stack Developer - Remote EU Time Zone,Edusoft,https://stackoverflow.com/jobs/372764
Senior React Developer (Remote),X-Team,https://stackoverflow.com/jobs/277612
Frontend Engineer with an Eye for Quality (m/f/d),sgalinski,https://stackoverflow.com/jobs/283027
Fullstack Java Developer - Remote,PriceSenz,https://stackoverflow.com/jobs/382300
Front-end Developer - Remote,PriceSenz,https://stackoverflow.com/jobs/382301
Lead React/ThreeJS Developer [100% REMOTE],Clevertech,https://stackoverflow.com/jobs/386123
Senior Front End Developer,"Leadr, Inc",https://stackoverflow.com/jobs/386508
Senior Software Architect,Chainbridge Technologies,https://stackoverflow.com/jobs/381047
Senior Front-End Engineer - Remote Italy,Cloud Academy,https://stackoverflow.com/jobs/384438
Senior Laravel / VUE Development,Curotec,https://stackoverflow.com/jobs/372822
"Full Stack Senior Web Developer, Small Company - Disruptive Product",nxtedition,https://stackoverflow.com/jobs/166416
"Freelance React Developer ‚Äì Remote, Full-time",Toptal,https://stackoverflow.com/jobs/354476
Mid-Senior Front End Developer,Ngoar Limited,https://stackoverflow.com/jobs/381039
Senior Frontend Developer (Remote),Hypothesis.is,https://stackoverflow.com/jobs/375433
Front End Engineer (Java),Modus Create,https://stackoverflow.com/jobs/386158
Product Designer,komoot,https://stackoverflow.com/jobs/383521
Experienced Full-stack Rails Developer,BloodHub,https://stackoverflow.com/jobs/145818
Software Developer (Remote or Onsite),Aptera Software,https://stackoverflow.com/jobs/246026
Lead Software Engineer,Carbon Relay,https://stackoverflow.com/jobs/363670
Senior Backend Developer (Remote),Hypothesis.is,https://stackoverflow.com/jobs/375432
Architect (Java),Modus Create,https://stackoverflow.com/jobs/386159
Software Developer (Remote or Onsite),Aptera Software,https://stackoverflow.com/jobs/246026
Senior Full Stack Engineer interested in collaborative product development,Wikifactory,https://stackoverflow.com/jobs/386765
Web Developer (m/w/d) Shopware - REMOTE,signundsinn GmbH,https://stackoverflow.com/jobs/299058
Principal API/Backend Engineer,"Unanet, Inc.",https://stackoverflow.com/jobs/359301
Senior iOS Developer (Remote),X-Team,https://stackoverflow.com/jobs/191013
UI Specialist,DIGARC,https://stackoverflow.com/jobs/360858
Java Backend Developer,Leaf Logistics,https://stackoverflow.com/jobs/201671
Sr. Software Engineer - Angular,DIGARC,https://stackoverflow.com/jobs/363678
React Developer,YouGov,https://stackoverflow.com/jobs/369578
Frontend developer - global health data platform,DevOtta AS,https://stackoverflow.com/jobs/304936
Senior Java Developer Who Loves Puzzles,O'Reilly Auto Parts,https://stackoverflow.com/jobs/217099
Full Stack Developer,"VNN, Inc.",https://stackoverflow.com/jobs/353972
System Architect,"Wikimedia Foundation, Inc.",https://stackoverflow.com/jobs/373327
D√©veloppeur Mobile (React Native-Ruby) ‚Äì Mission Freelance ‚Äì Full-Remote,SkillValue,https://stackoverflow.com/jobs/381288
React Frontend Developer,Leaf Logistics,https://stackoverflow.com/jobs/201704
"Python Developer (Onsite in Paris, or Remote in France, UK, Germany)",PeopleDoc,https://stackoverflow.com/jobs/374071
Frontend Developer Temporary,Mahisoft Inc,https://stackoverflow.com/jobs/295352
Senior Data Engineer,Mediavine,https://stackoverflow.com/jobs/377145
Web Developer,Flocknote,https://stackoverflow.com/jobs/285473
QA Automation Engineer,Mahisoft Inc,https://stackoverflow.com/jobs/352720
"Senior Security Researcher, Applications - 100% Remote Canada",Sonatype,https://stackoverflow.com/jobs/208728
Working Student / Intern in Web Development (m/f/d),sgalinski,https://stackoverflow.com/jobs/283034
Mobile Developer (Remote or Onsite),Aptera Software,https://stackoverflow.com/jobs/261370
Senior Application Security Engineer,"Wikimedia Foundation, Inc.",https://stackoverflow.com/jobs/370892
"Principal Technical Mentor, Online",App Academy,https://stackoverflow.com/jobs/373449
"Senior Security Researcher, Applications - 100% Remote Colombia South America",Sonatype,https://stackoverflow.com/jobs/370875
Senior Product Engineer: Back end,x.ai,https://stackoverflow.com/jobs/316025
Bored of working on CRUD apps? Get paid to make hyper-casual web games!,Koji - Web App Development Platform,https://stackoverflow.com/jobs/290582
Full Stack Developer,TheoremReach,https://stackoverflow.com/jobs/380129
Senior Python Developer (Remote),X-Team,https://stackoverflow.com/jobs/203899
Remote Full-stack PHP and React Developer,Scalable Path,https://stackoverflow.com/jobs/386156
Software Engineer Who Loves Modernization,O'Reilly Auto Parts,https://stackoverflow.com/jobs/60726
Java Backend Developer focused on Quality,ViaBill A/S,https://stackoverflow.com/jobs/313068
.NET Engineer,Brushfire,https://stackoverflow.com/jobs/366155
Software Developers and Operations Personnel for Healthcare Platform,CareEvolution,https://stackoverflow.com/jobs/379348
Senior Software Architect / Engineer who enjoys coding web services in c#,MapLarge,https://stackoverflow.com/jobs/124860
Senior Java/Kubernetes Developer,Entando,https://stackoverflow.com/jobs/279771
Cloud Scala Software Developer (Remote United States),Railroad19,https://stackoverflow.com/jobs/381735
"Head of Engineering, Web Scraping",Corsearch,https://stackoverflow.com/jobs/373810
Senior Full Stack Developer,Titan School Solutions,https://stackoverflow.com/jobs/374606
Kubernetes Developer / DevOps,Entando,https://stackoverflow.com/jobs/352991
Lead Application Developer / Technical Project Manager,MapLarge,https://stackoverflow.com/jobs/160721
Developer Advocate,"Jack Henry & Associates, Inc.¬Æ",https://stackoverflow.com/jobs/387418
Software Development Engineer in Test (SDET) - REMOTE,Thermopylae Sciences and Technology,https://stackoverflow.com/jobs/379311
Senior .NET Web Applications Developer,eThor,https://stackoverflow.com/jobs/330745
Senior Front End Engineer,Packet Fabric,https://stackoverflow.com/jobs/382027
Software Engineer (PHP),Research Square,https://stackoverflow.com/jobs/381382
Python Full Stack Developer,REPAY,https://stackoverflow.com/jobs/386498
"Senior software engineer (python, typescript, reactjs, nextjs, kafka, docker)",EverQuote Inc.,https://stackoverflow.com/jobs/385234
React Native Developer (REMOTE),Evertel Technologies,https://stackoverflow.com/jobs/371620
Senior Full Stack .Net Web Application Developer,MapLarge,https://stackoverflow.com/jobs/134022
"Senior Software Engineer, Fullstack",valora digital.,https://stackoverflow.com/jobs/302271
Full Stack Engineer,Density,https://stackoverflow.com/jobs/371613
Senior Full Stack Software Engineer (React Python Flask),FineTune Learning,https://stackoverflow.com/jobs/270372
Senior Game Developer (Unity) - Help us teach kids to code!,Kodable,https://stackoverflow.com/jobs/376907
Native Android Developer,eyeo GmbH,https://stackoverflow.com/jobs/387376
Backend Engineer,Innovation Research Labs,https://stackoverflow.com/jobs/361971
Senior API Developer,CrossBraining,https://stackoverflow.com/jobs/378486
Senior Scala Developer (Remote),X-Team,https://stackoverflow.com/jobs/289874
Senior Back End Engineer,DoubleGDP,https://stackoverflow.com/jobs/378538
Senior Developer with GO expereince,Boyle Software,https://stackoverflow.com/jobs/376897
Lead Front-End Engineer (React.js) - Full-Time Job - Full Remote Available,SkillValue,https://stackoverflow.com/jobs/374046
Full Stack Node JS Developer,Nacelle,https://stackoverflow.com/jobs/384136
Sr Back-End Engineer - Remote Italy,Cloud Academy,https://stackoverflow.com/jobs/387192
Experienced .NET CMS Web Developer - Remote,Diagram,https://stackoverflow.com/jobs/307184
Senior Curriculum Developer,App Academy,https://stackoverflow.com/jobs/384453
Junior (Remote) Ruby on Rails Developer,"Nua Solutions (WebDoctor)
                        via
flexhire",https://stackoverflow.com/jobs/383583
Test Engineer (Cyber security),Surevine,https://stackoverflow.com/jobs/350313
Full Stack Developer,Endgame360,https://stackoverflow.com/jobs/344307
Senior Rust WebGL Developer,Luna,https://stackoverflow.com/jobs/296070
Mobile Developer (Ionic) [100% REMOTE],Clevertech,https://stackoverflow.com/jobs/378220
Senior Ruby on Rails Server Engineer,Hubstaff,https://stackoverflow.com/jobs/378258
React/Node Developer,Undefined LLC,https://stackoverflow.com/jobs/328010
Sr Back-End Engineer - Remote Italy,Cloud Academy,https://stackoverflow.com/jobs/387192
Android Java Developer,eyeo GmbH,https://stackoverflow.com/jobs/376554
Senior Frontend Engineer,"Shogun Labs, Inc",https://stackoverflow.com/jobs/360336
Senior Fullstack Engineer - Back end Leaning,Packet Fabric,https://stackoverflow.com/jobs/382026
Senior Solutions Architect (Remote),New Context Services,https://stackoverflow.com/jobs/372624
Senior Go Developer (Remote),X-Team,https://stackoverflow.com/jobs/235208
Expert Frontend React/Redux Developer,Scalable Path,https://stackoverflow.com/jobs/382220
Senior Curriculum Developer,App Academy,https://stackoverflow.com/jobs/384453
Full Stack Developer (Remote United States),CaddieNow,https://stackoverflow.com/jobs/379690
"Senior DevOps Engineer (Remote, Twistlock Exp Desired)",New Context Services,https://stackoverflow.com/jobs/377158
Senior WordPress Developer (Remote),X-Team,https://stackoverflow.com/jobs/203898
Principal Software Engineer,Givelify,https://stackoverflow.com/jobs/374393
Senior PHP Developer,Defiant Inc,https://stackoverflow.com/jobs/386493
MSP - Managed Services Engineer (Remote),New Context Services,https://stackoverflow.com/jobs/377180
Technical Project Management Immersion Instructor,Thinkful Inc.,https://stackoverflow.com/jobs/383285
"Senior Devops Engineer (Contract, Remote)",New Context Services,https://stackoverflow.com/jobs/272561
Senior Back-end / Ruby on Rails Developer,iubenda,https://stackoverflow.com/jobs/374263
Senior UI/UX Frontend Developer üëç,Credit Glory Inc.,https://weworkremotely.com/remote-jobs/credit-glory-inc-senior-ui-ux-frontend-developer-1
IT Apps Engineer II,Twitter,https://weworkremotely.com/remote-jobs/twitter-it-apps-engineer-ii
Senior Product Designer,Headway,https://weworkremotely.com/remote-jobs/headway-senior-product-designer-1
Frontend Designer,Oldspeake,https://weworkremotely.com/remote-jobs/oldspeake-frontend-designer
Senior UI/UX Frontend Developer üëç,Credit Glory Inc.,https://weworkremotely.com/remote-jobs/credit-glory-inc-senior-ui-ux-frontend-developer
Graphic Designer ,Breezy HR ,https://weworkremotely.com/remote-jobs/breezy-hr-graphic-designer
Talented Web Designer Wanted for an eCommerce Company,Fisico Inc.,https://weworkremotely.com/remote-jobs/fisico-inc-talented-web-designer-wanted-for-an-ecommerce-company
Senior JavaScript Front End Developer - Vue / React / NodeJS ,Techifide Limited,https://weworkremotely.com/remote-jobs/techifide-limited-senior-javascript-front-end-developer-vue-react-nodejs
Senior Software Developer,Qualio,https://weworkremotely.com/remote-jobs/qualio-senior-software-developer
WordPress Developer (PHP/JS),Awesome Motive Inc.,https://weworkremotely.com/remote-jobs/awesome-motive-inc-wordpress-developer-php-js-2
React UI Software Engineer (U.S. remote OK),LocusLabs,https://weworkremotely.com/remote-jobs/locuslabs-react-ui-software-engineer-u-s-remote-ok
Senior Full-stack Developer (PHP/JS),Research & Design,https://weworkremotely.com/remote-jobs/research-design-senior-full-stack-developer-php-js
Video Engineer (WebRTC/FFmpeg),Crowdcast,https://weworkremotely.com/remote-jobs/crowdcast-video-engineer-webrtc-ffmpeg
Front End Engineer,Chili Piper,https://weworkremotely.com/remote-jobs/chili-piper-front-end-engineer
Senior Backend Engineer,Knack,https://weworkremotely.com/remote-jobs/knack-senior-backend-engineer-1
Sr. Security Engineer with Ruby on Rails experience,Aha!,https://weworkremotely.com/remote-jobs/aha-sr-security-engineer-with-ruby-on-rails-experience
"Remote Full Stack Developer (UK based, ¬£35-45k)",Silktide,https://weworkremotely.com/remote-jobs/silktide-remote-full-stack-developer-uk-based-35-45k
JavaScript Software Engineer (Map Applications),LocusLabs,https://weworkremotely.com/remote-jobs/locuslabs-javascript-software-engineer-map-applications
Senior Software Engineer,Educational Networks,https://weworkremotely.com/remote-jobs/educational-networks-senior-software-engineer
Senior Software Engineer,Dozuki,https://weworkremotely.com/remote-jobs/dozuki-senior-software-engineer
Senior Application Engineer,Float.com,https://weworkremotely.com/remote-jobs/float-com-senior-application-engineer
Back End Engineer,Chili Piper,https://weworkremotely.com/remote-jobs/chili-piper-back-end-engineer
Experienced Rails + React Developer,MemberSpace,https://weworkremotely.com/remote-jobs/memberspace-experienced-rails-react-developer
Developer,Ko-fi,https://weworkremotely.com/remote-jobs/ko-fi-developer
senior security engineer [rails experience required],Aha!,https://weworkremotely.com/remote-jobs/aha-senior-security-engineer-rails-experience-required
Frontend Engineer (ES8/React/Redux/Saga) ,Files.com,https://weworkremotely.com/remote-jobs/files-com-frontend-engineer-es8-react-redux-saga
Full-Stack Engineer for Medical Research,Curebase,https://weworkremotely.com/remote-jobs/curebase-full-stack-engineer-for-medical-research
Website Developer,AgencyAnalytics,https://weworkremotely.com/remote-jobs/agencyanalytics-website-developer
Superstar Full-Stack Developer /// Your Work Will Be Seen By Millions,Country Rebel,https://weworkremotely.com/remote-jobs/country-rebel-superstar-full-stack-developer-your-work-will-be-seen-by-millions
"Open Source Developer & DevOps (Python, Django, AWS, OpenStack)",OpenCraft,https://weworkremotely.com/remote-jobs/opencraft-open-source-developer-devops-python-django-aws-openstack-6
Senior Node.JS Engineer,GitDuck,https://weworkremotely.com/remote-jobs/gitduck-senior-node-js-engineer
Experienced Full-Stack Rails and React Developer,Tanooki Labs,https://weworkremotely.com/remote-jobs/tanooki-labs-experienced-full-stack-rails-and-react-developer-2
"Software Developer (Ruby on Rails, Backbone.js, Vue.js) ",InputHealth,https://weworkremotely.com/remote-jobs/inputhealth-software-developer-ruby-on-rails-backbone-js-vue-js
Lead WordPress Engineer - Americas,XWP,https://weworkremotely.com/remote-jobs/xwp-lead-wordpress-engineer-americas
QA Engineer,Chili Piper,https://weworkremotely.com/remote-jobs/chili-piper-qa-engineer
Senior Rails Engineer,Supercast,https://weworkremotely.com/remote-jobs/supercast-senior-rails-engineer
Senior Software Engineer - Mobile,Good Eggs,https://weworkremotely.com/remote-jobs/good-eggs-senior-software-engineer-mobile
senior security engineer with ruby on rails experience,Aha!,https://weworkremotely.com/remote-jobs/aha-senior-security-engineer-with-ruby-on-rails-experience
Full Stack Developer (Python & Vue.js),Unhaggle Inc.,https://weworkremotely.com/remote-jobs/unhaggle-inc-full-stack-developer-python-vue-js-2
Vue.js Interface Designer & Design Systems Engineer,Logo.com,https://weworkremotely.com/remote-jobs/logo-com-vue-js-interface-designer-design-systems-engineer
"Full Stack Javascript Engineer (AWS, Serverless, OSS)",FunnelEnvy,https://weworkremotely.com/remote-jobs/funnelenvy-full-stack-javascript-engineer-aws-serverless-oss
Front End Engineer,ReCharge Payments,https://weworkremotely.com/remote-jobs/recharge-payments-front-end-engineer-2
JavaScript Nomad,"Pathable, Inc.",https://weworkremotely.com/remote-jobs/pathable-inc-javascript-nomad-1
Full Stack Developer,Feedr,https://weworkremotely.com/remote-jobs/feedr-full-stack-developer
Backend PHP Developer,CodeLathe Technologies Inc,https://weworkremotely.com/remote-jobs/codelathe-technologies-inc-backend-php-developer
Full Stack Developer,Cleverclip Ltd. ,https://weworkremotely.com/remote-jobs/cleverclip-ltd-full-stack-developer
Digital Development Lead,"Marie Forleo Int'l, Inc.",https://weworkremotely.com/remote-jobs/marie-forleo-int-l-inc-digital-development-lead
Senior full stack developer that likes testing,Replay Poker,https://weworkremotely.com/remote-jobs/replay-poker-senior-full-stack-developer-that-likes-testing
Full-Stack Ruby on Rails Developer,Reachora,https://weworkremotely.com/remote-jobs/reachora-full-stack-ruby-on-rails-developer
Microsoft Full Stack .NET (C#) Developer,CloudScale,https://weworkremotely.com/remote-jobs/cloudscale-microsoft-full-stack-net-c-developer
Remote Contract Senior Rails / React,HocNest,https://weworkremotely.com/remote-jobs/hocnest-remote-contract-senior-rails-react
Front End Developer (Shopify / Liquid),Fuel Made,https://weworkremotely.com/remote-jobs/fuel-made-front-end-developer-shopify-liquid-3
QA Engineer,Hopin,https://weworkremotely.com/remote-jobs/hopin-qa-engineer
"Software Engineer, Full Stack ",Doximity,https://weworkremotely.com/remote-jobs/doximity-software-engineer-full-stack
"Senior Ruby on Rails Engineer (Madrid, Barcelona & Full Remote)",Jobandtalent ,https://weworkremotely.com/remote-jobs/jobandtalent-senior-ruby-on-rails-engineer-madrid-barcelona-full-remote
Senior iOS Developer,X-Team,https://weworkremotely.com/remote-jobs/x-team-senior-ios-developer
Software Application Developer,Global Impact ,https://weworkremotely.com/remote-jobs/global-impact-software-application-developer
Senior Ruby on Rails Developer,FlexJobs,https://weworkremotely.com/remote-jobs/flexjobs-senior-ruby-on-rails-developer-1
Senior Frontend Engineer,Shogun,https://weworkremotely.com/remote-jobs/shogun-senior-frontend-engineer
Senior Node.js Developer,X-Team,https://weworkremotely.com/remote-jobs/x-team-senior-node-js-developer
Senior Back-End Developer (Clean-tech),Sennen Tech,https://weworkremotely.com/remote-jobs/sennen-tech-senior-back-end-developer-clean-tech
Tech Lead,Clevertech,https://weworkremotely.com/remote-jobs/clevertech-tech-lead-5
Senior WordPress Developer ,X-Team,https://weworkremotely.com/remote-jobs/x-team-senior-wordpress-developer
Senior Full-stack Engineer (Ruby on Rails),RemoteLock,https://weworkremotely.com/remote-jobs/remotelock-senior-full-stack-engineer-ruby-on-rails
PHP Developer - Europe only,Impress Websites,https://weworkremotely.com/remote-jobs/impress-websites-php-developer-europe-only
WordPress Support Engineer,WordPress VIP,https://weworkremotely.com/remote-jobs/wordpress-vip-wordpress-support-engineer
Engineering Team Lead ,Thinkific,https://weworkremotely.com/remote-jobs/thinkific-engineering-team-lead
Senior Front End Engineer,Thinkific,https://weworkremotely.com/remote-jobs/thinkific-senior-front-end-engineer
Senior Full Stack Engineer,Thinkific,https://weworkremotely.com/remote-jobs/thinkific-senior-full-stack-engineer
Ionic Mobile Developer,Clevertech,https://weworkremotely.com/remote-jobs/clevertech-ionic-mobile-developer-1
Experienced Ruby Developer,Silverfin,https://weworkremotely.com/remote-jobs/silverfin-experienced-ruby-developer
Senior Product Engineer (Remote - Anywhere),Dataquest ,https://weworkremotely.com/remote-jobs/dataquest-senior-product-engineer-remote-anywhere
Back-end Engineer,We Are Mammoth,https://weworkremotely.com/remote-jobs/we-are-mammoth-back-end-engineer-1
React / Javascript Developer,Mango Voice,https://weworkremotely.com/remote-jobs/mango-voice-react-javascript-developer
Solutions Engineer (JAMstack),Forestry.io,https://weworkremotely.com/remote-jobs/forestry-io-solutions-engineer-jamstack
Ruby on Rails Developer,Power Home Remodeling,https://weworkremotely.com/remote-jobs/power-home-remodeling-ruby-on-rails-developer
Senior Full Stack Engineer,Known2U LLC,https://weworkremotely.com/remote-jobs/known2u-llc-senior-full-stack-engineer
"Mobile Software Engineer, iOS (Swift)",Doximity,https://weworkremotely.com/remote-jobs/doximity-mobile-software-engineer-ios-swift
Full Stack Javascript Engineer,Oddball,https://weworkremotely.com/remote-jobs/oddball-full-stack-javascript-engineer
Solutions Engineer,ReCharge Payments,https://weworkremotely.com/remote-jobs/recharge-payments-solutions-engineer-1
Ruby on Rails Developer (5+ years),Power Home Remodeling,https://weworkremotely.com/remote-jobs/power-home-remodeling-ruby-on-rails-developer-5-years
React Native / Mobile and Web Senior Engineer,RemoteLock,https://weworkremotely.com/remote-jobs/remotelock-react-native-mobile-and-web-senior-engineer
"Senior Engineer, Platform, Philanthropy Cloud ",Salesforce,https://weworkremotely.com/remote-jobs/salesforce-senior-engineer-platform-philanthropy-cloud
Senior Go Developer,X-Team,https://weworkremotely.com/remote-jobs/x-team-senior-go-developer
Senior Software Engineer - Web Apps,"Brivity, Inc.",https://weworkremotely.com/remote-jobs/brivity-inc-senior-software-engineer-web-apps-1
Strong PHP Laravel Developer with MongoDB Knowledge,ColorElephant,https://weworkremotely.com/remote-jobs/colorelephant-strong-php-laravel-developer-with-mongodb-knowledge
ReactJS Developer,ColorElephant,https://weworkremotely.com/remote-jobs/colorelephant-reactjs-developer
Front-End Developer: The Perfect Job,iPhone Photography School,https://weworkremotely.com/remote-jobs/iphone-photography-school-front-end-developer-the-perfect-job
Website Support Specialist for Law Firm Websites,The Modern Firm,https://weworkremotely.com/remote-jobs/the-modern-firm-website-support-specialist-for-law-firm-websites
Site Integration Specialist,Sierra Interactive,https://weworkremotely.com/remote-jobs/sierra-interactive-site-integration-specialist
Customer Support Engineer,LeadDyno,https://weworkremotely.com/remote-jobs/leaddyno-customer-support-engineer
WordPress Technical Support & Enablement Engineer,Pressable,https://weworkremotely.com/remote-jobs/pressable-wordpress-technical-support-enablement-engineer
"Software Engineer, Service Reliability",Doximity,https://weworkremotely.com/remote-jobs/doximity-software-engineer-service-reliability
Security Engineer,Shogun,https://weworkremotely.com/remote-jobs/shogun-security-engineer
Back-end Software Engineer,Wirecutter,https://weworkremotely.com/remote-jobs/wirecutter-back-end-software-engineer
Drupal Developer,PRI,https://weworkremotely.com/remote-jobs/pri-drupal-developer-2
Mobile Web Solutions Architect,Power Home Remodeling,https://weworkremotely.com/remote-jobs/power-home-remodeling-mobile-web-solutions-architect
Gaming Product Manager,Teaching.com,https://weworkremotely.com/remote-jobs/teaching-com-gaming-product-manager
"Product Manager, Merchant & Shopper Experience",ReCharge Payments,https://weworkremotely.com/remote-jobs/recharge-payments-product-manager-merchant-shopper-experience
Quality Assurance Tester,Bridebook,https://weworkremotely.com/remote-jobs/bridebook-quality-assurance-tester
Junior Mid Level React Developer,Trumid Technologies,https://remoteok.io/remote-jobs/84802
Full Stack PHP React Developer,Scalable Path,https://remoteok.io/remote-jobs/84723
Middle Node.js Developer Ehealth,MEDrecord,https://remoteok.io/remote-jobs/84704
React Native Mobile App Developer,BuddyBoss,https://remoteok.io/remote-jobs/84690
Full Stack Nuxt JS Developer,Nacelle,https://remoteok.io/remote-jobs/84653
Full Stack Gatsby JS Developer,Nacelle,https://remoteok.io/remote-jobs/84654
Full Stack Node JS Developer,Nacelle,https://remoteok.io/remote-jobs/84655
Senior Full Stack Developer,Bitbond,https://remoteok.io/remote-jobs/84641
Senior Node.js Developer,Timedoctor.com,https://remoteok.io/remote-jobs/84599
Full Stack Developer,Castr,https://remoteok.io/remote-jobs/84597
Expert Frontend React Redux Developer,Scalable Path,https://remoteok.io/remote-jobs/84565
Expert React Nodejs Mongodb Developer,Scalable Path,https://remoteok.io/remote-jobs/84555
Angular Senior Developer,MEDrecord,https://remoteok.io/remote-jobs/84520
Senior React Native Developer,Mahisoft,https://remoteok.io/remote-jobs/84513
Senior PHP / Wordpress Plugin Developer,WP White Security,https://remoteok.io/remote-jobs/84508
Full Stack Developer,Ko-fi,https://remoteok.io/remote-jobs/84488
Web Designer & Developer,Winn-Brown & Co.,https://remoteok.io/remote-jobs/84449
Senior Front-end Developer for Likvido,Likvido,https://remoteok.io/remote-jobs/84432
Full Stack Web Developer With React Ruby On Rails Experience,Radish Lab,https://remoteok.io/remote-jobs/84418
Generalist Mid Senior Level Software Developer Who Loves React Typescript,Niphtio,https://remoteok.io/remote-jobs/84378
Senior Software Engineer (.net/react),Eedi (a LEGO backed startup),https://remoteok.io/remote-jobs/84371
Freelance React Developer ‚Äì,Toptal,https://remoteok.io/remote-jobs/84356
Software Engineer,Commsor,https://remoteok.io/remote-jobs/84335
Wordpress Developer (php/js/react),Dashwork Studio Pvt. Ltd.,https://remoteok.io/remote-jobs/84301
Full Stack Developer,Airofit,https://remoteok.io/remote-jobs/84277
Senior Front End Developer,Remotesome,https://remoteok.io/remote-jobs/84273
Javascript Developer,RemoteLeads,https://remoteok.io/remote-jobs/84253
Java / Salesforce Developer,AZASSI,https://remoteok.io/remote-jobs/84217
Hardcore React Native Nodejs Application Developer Required,Rekordio,https://remoteok.io/remote-jobs/84214
Lead Developer,Professional Insight,https://remoteok.io/remote-jobs/84193
Senior React Developer For Position,GLOBAL APPCASTING,https://remoteok.io/remote-jobs/84195
Frontend Developer (vue.js + Asp.net),TestDome,https://remoteok.io/remote-jobs/84183
React Native Developer 100,Clevertech,https://remoteok.io/remote-jobs/84164
Software Engineer,"Libera, Inc.",https://remoteok.io/remote-jobs/84155
Lead React Threejs Developer 100,Clevertech,https://remoteok.io/remote-jobs/84150
Ruby-on-rails Software Developer,Tyne Solutions,https://remoteok.io/remote-jobs/84136
Lead Full Stack Javascript .NET Developer,GrowFlow,https://remoteok.io/remote-jobs/84098
Senior Full Stack PHP React Developer,Scalable Path,https://remoteok.io/remote-jobs/84085
Senior Full Stack Javascript .NET Developer,GrowFlow,https://remoteok.io/remote-jobs/84052
Web UI Engineer,Brainscape,https://remoteok.io/remote-jobs/84045
Lead Back End Developer Nodejs Job Available,SkillValue,https://remoteok.io/remote-jobs/84040
Senior Full Stack Developer Asp.net MVC Entity Angular Saas,Pelican Procurement,https://remoteok.io/remote-jobs/84030
Sugarcrm Developer,Upsert,https://remoteok.io/remote-jobs/84021
Senior Software Engineer - Frontend,Athenian,https://remoteok.io/remote-jobs/84019
Software Engineer,rove.me,https://remoteok.io/remote-jobs/84010
Full Stack Javascript Developer,NM,https://remoteok.io/remote-jobs/83998
Full Stack Node React Developer For Chrome Extension,Scalable Path,https://remoteok.io/remote-jobs/83996
Node.js Developer,Savvy Apps,https://remoteok.io/remote-jobs/83994
Senior Node React Mongodb Developer,Scalable Path,https://remoteok.io/remote-jobs/83974
Freelance/student Backend Developer,Queue,https://remoteok.io/remote-jobs/83959
Frontend Developer,TidyHQ,https://remoteok.io/remote-jobs/83934
Javascript Developer,UNOPS,https://remoteok.io/remote-jobs/83911
Freelance Full Stack Developer PHP Javascript,SkillValue,https://remoteok.io/remote-jobs/83892
"Senior Software Engineer, Mobile",Fresh Tri,https://remoteok.io/remote-jobs/83876
Ruby Node.js Developer,Mailprotector,https://remoteok.io/remote-jobs/83870
Software Developer (php),Frontify,https://remoteok.io/remote-jobs/83850
Full-stack Developer,Frontify,https://remoteok.io/remote-jobs/83852
Senior React Developer 100,Clevertech,https://remoteok.io/remote-jobs/83701
Expert FS Nodejs React RN Developer Required For Realtime Application,Rekordio,https://remoteok.io/remote-jobs/83688
Senior Software Engineer (m/f/d),MVPF,https://remoteok.io/remote-jobs/83678
React Native Developer,Ascent Software,https://remoteok.io/remote-jobs/83674
React Native Developer,Evertel Technologies,https://remoteok.io/remote-jobs/83670
React JS Developer,komoot,https://remoteok.io/remote-jobs/83754
React Developer For Job,GLOBAL APPCASTING,https://remoteok.io/remote-jobs/83630
Lead Developer Go Angular,CEL,https://remoteok.io/remote-jobs/83748
Part-time React Native Developer,Chop Dawg,https://remoteok.io/remote-jobs/83579
React Developer,YouGov,https://remoteok.io/remote-jobs/83565
Software Engineer (react),Praxent,https://remoteok.io/remote-jobs/83547
Software Engineering Manager,Praxent,https://remoteok.io/remote-jobs/83521
Javascript Software Engineer,LocusLabs,https://remoteok.io/remote-jobs/83485
Angular Developer 100,Clevertech,https://remoteok.io/remote-jobs/83446
Senior Full Stack PHP React Mysql Developer,Scalable Path,https://remoteok.io/remote-jobs/83738
React React Native Developer,Soshace,https://remoteok.io/remote-jobs/83388
100% Senior React Developer,Clevertech,https://remoteok.io/remote-jobs/83371
Senior React Developer,Mahisoft,https://remoteok.io/remote-jobs/83764
React Angular Front End Developer,Soshace,https://remoteok.io/remote-jobs/83310
React Developer Opportunity,Hays,https://remoteok.io/remote-jobs/83297
React Developer,Hays,https://remoteok.io/remote-jobs/83294
Senior Front End JS Developer,iubenda,https://remoteok.io/remote-jobs/83762
Senior Front-end Developer,Likvido.com,https://remoteok.io/remote-jobs/83260
React Developer A Virtual Team,GLOBAL APPCASTING,https://remoteok.io/remote-jobs/83230
Node.js Typescript Backend Developer,FirstBlood,https://remoteok.io/remote-jobs/83225
Nodejs Software Engineer,Knock.com,https://remoteok.io/remote-jobs/83135
React Python Developer 100,Clevertech,https://remoteok.io/remote-jobs/83127
Full Stack Developer for UK Saas Startup,Endorsal.io,https://remoteok.io/remote-jobs/83110
"Software Engineer, Web",Numbrs Personal Finance AG,https://remoteok.io/remote-jobs/83104
Front End Developer Experienced React Angular,Soshace,https://remoteok.io/remote-jobs/83096
Senior React RN Developer,Trainer Road,https://remoteok.io/remote-jobs/83090
"Senior Javascript Developer, Vuejs",etg24 GmbH,https://remoteok.io/remote-jobs/83044
Back End Developer,Interconnect Technologies,https://remoteok.io/remote-jobs/83042
Angular Typescript Frontend Developer,FirstBlood,https://remoteok.io/remote-jobs/83006
100% Python React Developer,Clevertech,https://remoteok.io/remote-jobs/82984
"Javascript Developer (react, Redux)",WIREWAX,https://remoteok.io/remote-jobs/79845
React UI Software Engineer,LocusLabs,https://remoteok.io/remote-jobs/78925
100% React 3D Developer,Clevertech,https://remoteok.io/remote-jobs/77353
React 3D Developer,Clevertech,https://remoteok.io/remote-jobs/77331
Senior React Developer,Toptal,https://remoteok.io/remote-jobs/77318
Experienced Software QA Tester (france),Saagie,https://remoteok.io/remote-jobs/77190
Javascript (react) Software Engineer,Prospect,https://remoteok.io/remote-jobs/77153
Senior Full Stack Javascript Software Engineer,Flexhire,https://remoteok.io/remote-jobs/77133
Principal Javascript Software Engineer 100,Clevertech,https://remoteok.io/remote-jobs/77127
Meteor Developer,WebBlind,https://remoteok.io/remote-jobs/77122
Full Stack Developer (python),REPAY,https://remoteok.io/remote-jobs/77035
Full Stack Developer Node React 100,Clevertech,https://remoteok.io/remote-jobs/77030
React Developer,Clevertech,https://remoteok.io/remote-jobs/77031
Software Engineer,Northflank,https://remoteok.io/remote-jobs/77016
Software Engineer - Web Product Owner,IPinfo.io,https://remoteok.io/remote-jobs/76980
Senior Full Stack Developer,Quimbee,https://remoteok.io/remote-jobs/76972
Sr UI Engineer / Typescript / React,Accord,https://remoteok.io/remote-jobs/76921
Frontend Developer,MOZN,https://remoteok.io/remote-jobs/76917
Full Stack React Django Developer,Soshace,https://remoteok.io/remote-jobs/76912
Full Stack PHP Javascript Developer,Scalable Path,https://remoteok.io/remote-jobs/76868
Full Stack Developer,MeetEdgar,https://remoteok.io/remote-jobs/76846
Full Stack Javascript Developer,GitStart,https://remoteok.io/remote-jobs/76841
Senior Back-end Symfony Developer,CobbleWeb,https://remoteok.io/remote-jobs/76815
Senior React Developer,KN√òX,https://remoteok.io/remote-jobs/76797
Front End Javascript Developer,Jack Henry & Associates .ÔøΩ,https://remoteok.io/remote-jobs/76678
Node React Elasticsearch Developer 100,Clevertech,https://remoteok.io/remote-jobs/76639
Javascript Developer,Savvy Apps,https://remoteok.io/remote-jobs/76636
Node React Elasticsearch Developer,Clevertech,https://remoteok.io/remote-jobs/76627
JS Full Stack Software Engineer,Filestage,https://remoteok.io/remote-jobs/76585
Senior React Developer,Clevertech,https://remoteok.io/remote-jobs/76543
Senior Node Developer,Clevertech,https://remoteok.io/remote-jobs/76538
React / Node Developer,CodeCubed,https://remoteok.io/remote-jobs/76524
Senior Software Engineer (full Stack),ShareStream,https://remoteok.io/remote-jobs/76513
"Software Engineer, Full Stack",Doximity,https://remoteok.io/remote-jobs/76493
UI Developer (freelance),Modern Tribe,https://remoteok.io/remote-jobs/76491
Front End Developer With Experience React Angular,Soshace,https://remoteok.io/remote-jobs/76477
Angular Developer,Clevertech,https://remoteok.io/remote-jobs/76447
Front-end Developer,Jetcake,https://remoteok.io/remote-jobs/76431
Full Stack Web Developer With React Ruby Docker Experience,Radish Lab,https://remoteok.io/remote-jobs/76414
Senior Ruby Developer ( or Berlin),Volders GmbH,https://remoteok.io/remote-jobs/76402
Senior Software Engineer - Full Stack,WellSky,https://remoteok.io/remote-jobs/76398
Full Stack Developer - React / Node,Moveli,https://remoteok.io/remote-jobs/76368
Senior Fullstack Ruby JS Developer,GOhiring ‚Äì Multiposting & Analytics,https://remoteok.io/remote-jobs/76339
Angular 8 Developer,Clevertech,https://remoteok.io/remote-jobs/76318
Full Stack Developer Javascript,Clevertech,https://remoteok.io/remote-jobs/76324
Javascript Developer,Dealerlogix,https://remoteok.io/remote-jobs/76315
Javascript/react/node Developer,"2UP Technology, Inc",https://remoteok.io/remote-jobs/76267
Code Challenge Reviewer 100% ¬£50 Per Hour Java Javascript PHP Python C# Ruby CSS HTML SQL Scala iOS Android,Geektastic,https://remoteok.io/remote-jobs/76263
Senior Frontend Developer Angular,Data Virtuality,https://remoteok.io/remote-jobs/76230
Front End React Angular Developer With Experience On The Back End,Soshace,https://remoteok.io/remote-jobs/76228
Front-end React/angular Developer,Soshace,https://remoteok.io/remote-jobs/76149
Senior Nodejs React Developer,Dealer Inspire,https://remoteok.io/remote-jobs/76136
Senior React Native Developer,SerpicoDEV,https://remoteok.io/remote-jobs/76112
Senior Fullstack Ruby JS Developer,GOhiring GmbH,https://remoteok.io/remote-jobs/76103
Senior Full Stack Developer Javascript,Clevertech,https://remoteok.io/remote-jobs/76053
Talented Front End Developer,Digital Garden,https://remoteok.io/remote-jobs/76047
Senior Javascript Typescript Node Developer,TSP Consulting,https://remoteok.io/remote-jobs/76025
Javascript Typescript Node Developer,TSP Consulting,https://remoteok.io/remote-jobs/76026
Senior Front End Developer,Filestage,https://remoteok.io/remote-jobs/75993
React Elasticsearch Developer,Clevertech,https://remoteok.io/remote-jobs/75971
Backend Developer for Our Cloud Based Serverless Web App,Numero Pte,https://remoteok.io/remote-jobs/75972
Developer or Senior Developer,MVPF,https://remoteok.io/remote-jobs/75960
Senior Back-end Developer,WisePops,https://remoteok.io/remote-jobs/75962
Web Application Developer,Telmar,https://remoteok.io/remote-jobs/75941
Fast Meteor Developer,Facio,https://remoteok.io/remote-jobs/75934
Full Stack Web Developer,GooseChase,https://remoteok.io/remote-jobs/75932
Full-stack JS Developer,Obby,https://remoteok.io/remote-jobs/75911
Frontend React.js Developer,MPS Health,https://remoteok.io/remote-jobs/75873
Software Engineer - Chat - Cryptowatch,Kraken Digital Asset Exchange,https://remoteok.io/remote-jobs/75871
Senior PHP JS Developer,Dealer Inspire,https://remoteok.io/remote-jobs/75865
Full Stack Developer,Hoxby,https://remoteok.io/remote-jobs/75823
Senior Javascript Developer,Cypress.io,https://remoteok.io/remote-jobs/75834
React Angular Developer With Experience On The Back End,Soshace,https://remoteok.io/remote-jobs/75821
Senior Asp.net MVC Angular Developer,ToGo Technology,https://remoteok.io/remote-jobs/75783
Senior Frontend React Developer,Kraken Digital Asset Exchange,https://remoteok.io/remote-jobs/75773
Frontend Developer - React / Redux,IDEX Innovation,https://remoteok.io/remote-jobs/75762
React Software Engineer,Songspace,https://remoteok.io/remote-jobs/75757
Senior Full-stack Developer,PolySwarm,https://remoteok.io/remote-jobs/75742
Ember.js Frontend Software Engineer,Songspace,https://remoteok.io/remote-jobs/75712
Senior Nodejs Software Engineer,Jack Henry & Associates .ÔøΩ,https://remoteok.io/remote-jobs/75690
"Sr. Full-stack Developer (node, Vue, Typescript, Python, SQL, Elastic) - Fully Startup",Specula.io,https://remoteok.io/remote-jobs/75688
Senior Front-end Developer,PolySwarm,https://remoteok.io/remote-jobs/75673
Javascript Full Stack Developer,iFit,https://remoteok.io/remote-jobs/75664
Senior Software Engineer,Snowdrop,https://remoteok.io/remote-jobs/75658
Full Stack Developer,ThymeBase,https://remoteok.io/remote-jobs/75614
React Developer,n3o Ltd,https://remoteok.io/remote-jobs/75628
React Native React Web Developer,G2i,https://remoteok.io/remote-jobs/75694
Full Stack Developer With React Django,Soshace,https://remoteok.io/remote-jobs/75542
Front End Developer With React Angular2,Soshace,https://remoteok.io/remote-jobs/75543
Ecommerce Developer,BranchLabs,https://remoteok.io/remote-jobs/75524
Backend Developer (node.js),UBIO,https://remoteok.io/remote-jobs/75522
